{
  "id": 0,
  "albedo": [
    0.0,
    0.80000746,
    0.7412283,
    1.0
  ],
  "roughness": 0.0076923072,
  "metallic": 1.0,
  "ao": 0.0,
  "lighting_model": "Pbr"
}