{
  "id": 1,
  "albedo": [
    0.80000746,
    0.0,
    0.003113158,
    1.0
  ],
  "roughness": 1.0,
  "metallic": 0.0,
  "ao": 0.0,
  "lighting_model": "Pbr"
}